Status,Daily Review,WeekKey,Date,duration (m)f,start time,end time,Type,Notes,Cognitive Headroom,Focus,Friction,Deep Score,Deep Flag,Deep Work Min,作成日時,In This Week,In Last Week,Interview Min,Prep Min,WrapUp Min,TI Min," learning content"
Done,12/23 (https://www.notion.so/12-23-2d5d5c5438fd81afa55fd76ec25924bb?pvs=21),2025-W52,2025-12-23,56,"December 23, 2025 9:13 AM (GMT+9)","December 23, 2025 10:09 AM (GMT+9)",,"やった：運動後に30m好きなことを実施してこのセッション実施
詰まった/気づいた：頭がスッキリした感覚がり、xを触ろうと思ってもメタ認知が働いていた
次：",5,4,1,4.7,Yes,56,"December 26, 2025 4:27 PM",No,No,0,0,0,,
Done,12/22 (https://www.notion.so/12-22-2d5d5c5438fd818e98dbe5425f178774?pvs=21),2025-W52,2025-12-22,26,"December 22, 2025 6:23 AM (GMT+9)","December 22, 2025 6:49 AM (GMT+9)",,"やった：ペパーミント準備して眠いが学習スタート
詰まった/気づいた：眠気で集中して学習はできておらず何度か別のことに意識が逸れていた
次：カリキュラムのフラッシュ実装を始める",3,3,3,3,No,0,"December 26, 2025 8:25 PM",No,No,0,0,0,,
Done,12/25 (https://www.notion.so/12-25-2d5d5c5438fd81edb760ee09d3e3ce94?pvs=21),2025-W52,2025-12-25,42,"December 25, 2025 7:54 AM (GMT+9)","December 25, 2025 8:36 AM (GMT+9)",,"やった：夕食後に少しリラックスしながら
詰まった/気づいた：技術面談のまとめが共有になるので少しめんどい時はそれを共有するkだけでokになる
次：",2,2,4,2,No,0,"December 26, 2025 9:11 PM",No,No,0,0,0,,
Done,12/22 (https://www.notion.so/12-22-2d5d5c5438fd818e98dbe5425f178774?pvs=21),2025-W52,2025-12-22,26,"December 22, 2025 5:25 PM (GMT+9)","December 22, 2025 5:51 PM (GMT+9)",,"やった：バスで帰宅中にPC一台で学習
詰まった/気づいた：画面が人のためページ移動で集中力なくなる
次：",3,2,4,2.3,No,0,"December 26, 2025 9:11 PM",No,No,0,0,0,,
Done,12/22 (https://www.notion.so/12-22-2d5d5c5438fd818e98dbe5425f178774?pvs=21),2025-W52,2025-12-22,60,"December 22, 2025 7:32 PM (GMT+9)","December 22, 2025 8:32 PM (GMT+9)",,"やった：企画のイラストをchatgptで作成しながらカリキュラム
詰まった/気づいた：企画用のイラスト作成の反応が気になりカリキュラム中にxの反応チェック
次：xは明日チェック",3,2,4,2.3,No,0,"December 26, 2025 9:13 PM",No,No,0,0,0,,
Done,12/25 (https://www.notion.so/12-25-2d5d5c5438fd81edb760ee09d3e3ce94?pvs=21),2025-W52,2025-12-23,25,"December 23, 2025 5:21 PM (GMT+9)","December 23, 2025 5:46 PM (GMT+9)",,"やった：シフト休憩中に昨日やっていなかった機能の学習の振り返り
詰まった/気づいた：仕事で少しミスや苦手な人の場合学習に思いっきり集中できない
次：帰宅してから寝る前に今日の振り返りを行う",2,3,2,3,No,0,"December 26, 2025 9:18 PM",No,No,0,0,0,,
Done,12/27 (https://www.notion.so/12-27-2d5d5c5438fd807882b2dc07096ddd7b?pvs=21),2025-W52,2025-12-27,20,"December 27, 2025 7:06 AM (GMT+9)","December 27, 2025 7:26 AM (GMT+9)",,"やった：Gemの環境設定
詰まった/気づいた：少し気持ち的な焦りやシフトに対するめんどくさい気持ちがある
次：",4,4,3,3.7,No,0,"December 27, 2025 7:06 AM",No,No,0,0,0,,
Done,12/27 (https://www.notion.so/12-27-2d5d5c5438fd807882b2dc07096ddd7b?pvs=21),2025-W52,2025-12-27,31,"December 27, 2025 12:09 PM (GMT+9)","December 27, 2025 12:40 PM (GMT+9)",📚 読書,"やった：モデル定義時の
mount_uploaderについて疑問を感じてランテくんに質問
詰まった/気づいた：言語化を問われるので理解の学習になる
次：",3,4,4,3,No,0,"December 27, 2025 12:09 PM",No,No,0,0,0,,
Done,12/25 (https://www.notion.so/12-25-2d5d5c5438fd81edb760ee09d3e3ce94?pvs=21),2025-W52,2025-12-25,59,"December 25, 2025 3:17 PM (GMT+9)","December 25, 2025 4:16 PM (GMT+9)",,"やった：実装課題で機体処理が出ない
詰まった/気づいた：エラーが出て進まないことにイライラしたが、ログを見ることを意識してDockerでエラーログを発見することができた
次：",3,4,4,3,No,0,"December 27, 2025 5:37 PM",No,No,0,0,0,,
Done,12/25 (https://www.notion.so/12-25-2d5d5c5438fd81edb760ee09d3e3ce94?pvs=21),2025-W52,2025-12-25,57,"December 25, 2025 1:40 PM (GMT+9)","December 25, 2025 2:37 PM (GMT+9)",,"やった：掲示板作成の実装。createアクションの処理学習
詰まった/気づいた：異なるクラスのモデル利用を定義するためのコーディング理解
次：",4,4,3,3.7,No,0,"December 27, 2025 5:38 PM",No,No,0,0,0,,
Done,12/25 (https://www.notion.so/12-25-2d5d5c5438fd81edb760ee09d3e3ce94?pvs=21),2025-W52,2025-12-25,12,"December 25, 2025 7:03 AM (GMT+9)","December 25, 2025 7:15 AM (GMT+9)",,"やった：Discordで挨拶をしてから学習に集中すると宣言。カレンダーから1日の学習可能時間を計測して、目標を立てる
詰まった/気づいた：none
次：",4,3,2,3.7,No,0,"December 27, 2025 5:38 PM",No,No,0,0,0,,
Done,12/25 (https://www.notion.so/12-25-2d5d5c5438fd81edb760ee09d3e3ce94?pvs=21),2025-W52,2025-12-25,75,"December 25, 2025 7:15 AM (GMT+9)","December 25, 2025 8:30 AM (GMT+9)",,"やった：急にやりたいこと例)Amazonで買い物やsnsでの連絡など、を紙に書き出して後にすれば良いと考えてタスクを続けた
詰まった/気づいた：紙に書き出すと衝動が抑えられる
次：今日はぽもではなく午前に設定したブロックで休憩のタイミングで休憩をしていく",4,4,1,4.3,Yes,75,"December 27, 2025 5:43 PM",No,No,0,0,0,,
Done,12/25 (https://www.notion.so/12-25-2d5d5c5438fd81edb760ee09d3e3ce94?pvs=21),2025-W52,2025-12-25,94,"December 25, 2025 10:40 AM (GMT+9)","December 25, 2025 12:14 PM (GMT+9)",,"やった：課題実装が１セッションで完了したのでそのまま技術面談ブロックに突入
詰まった/気づいた：口頭で伝える時には
この結論になりました。
それにいたった背景を説明していきます。
とやるのが良い
次：説明セットを用意しておく",5,5,1,5,Yes,94,"December 27, 2025 5:43 PM",No,No,0,0,0,,
Done,12/25 (https://www.notion.so/12-25-2d5d5c5438fd81edb760ee09d3e3ce94?pvs=21),2025-W52,2025-12-25,89,"December 25, 2025 8:45 AM (GMT+9)","December 25, 2025 10:14 AM (GMT+9)",,"やった：アソシエーションについてchatgptを利用して解説と参照ドキュメントの提示。さらに解説
詰まった/気づいた：26m x 4m休みの３セットめは集中力が少しなくなる。でも学習はできた
次：理解をまとめるために技術面談で質問。次のセットでまとめる時間を作る",5,4,1,4.7,Yes,89,"December 27, 2025 5:43 PM",No,No,0,0,0,,
Done,12/25 (https://www.notion.so/12-25-2d5d5c5438fd81edb760ee09d3e3ce94?pvs=21),2025-W52,2025-12-25,44,"December 25, 2025 5:33 PM (GMT+9)","December 25, 2025 6:17 PM (GMT+9)",,"やった：エラーログからランテくんaiに原因分析を手伝ってもらう
詰まった/気づいた：new アクションの定義不足
次：",4,4,2,4,Yes,44,"December 27, 2025 5:46 PM",No,No,0,0,0,,
Done,12/26 (https://www.notion.so/12-26-2d5d5c5438fd8076a46dcb166a8fc339?pvs=21),2025-W52,2025-12-26,57,"December 26, 2025 10:31 AM (GMT+9)","December 26, 2025 11:28 AM (GMT+9)",,"やった：2つのエラーフィックスで課題クリア
詰まった/気づいた：1つめのエラーはログから単純なスペルミス。2つめのエラーはログから変数の受け渡しのための変数定義ができていないことに気づいた
次：講師との会話練習をするために、アプリアイデアをまとめるためにカリキュラム進捗を一旦終了する",5,4,2,4.3,Yes,57,"December 27, 2025 5:50 PM",No,No,0,0,0,,
Done,12/26 (https://www.notion.so/12-26-2d5d5c5438fd8076a46dcb166a8fc339?pvs=21),2025-W52,2025-12-26,58,"December 26, 2025 9:14 AM (GMT+9)","December 26, 2025 10:12 AM (GMT+9)",,"やった：エラーオブジェクト、処理フローについて基礎学習
詰まった/気づいた：エラーメッセのパーシャルファイルをどうやって使うのがで詰まっている。でもトレーニングを実施した後は基礎学習のためのリサーチやエラーについて仮説や自問自答がすぐできている
次：エラーメッセージを解読。26mでできなければ技術面談を使用する",5,4,4,3.7,No,0,"December 27, 2025 6:59 PM",No,No,0,0,0,,
Done,12/26 (https://www.notion.so/12-26-2d5d5c5438fd8076a46dcb166a8fc339?pvs=21),2025-W52,2025-12-26,27,"December 26, 2025 7:28 AM (GMT+9)","December 26, 2025 7:55 AM (GMT+9)",,"やった：
詰まった/気づいた：
次：",3,3,3,3,No,0,"December 27, 2025 6:59 PM",No,No,0,0,0,,
Done,12/26 (https://www.notion.so/12-26-2d5d5c5438fd8076a46dcb166a8fc339?pvs=21),2025-W52,2025-12-26,36,"December 26, 2025 6:52 AM (GMT+9)","December 26, 2025 7:28 AM (GMT+9)",,"やった：学習計画をdiscrodでchatをしながら行い、学習計画をシェアした後にxの返信をしていた
詰まった/気づいた：
次：",3,3,3,3,No,0,"December 27, 2025 6:59 PM",No,No,0,0,0,,
Done,12/29 (https://www.notion.so/12-29-2d7d5c5438fd80d0ae25c35fcc7dc917?pvs=21),2026-W01,2025-12-29,27,"December 29, 2025 7:50 AM (GMT+9)","December 29, 2025 8:17 AM (GMT+9)",,"やった：アップロード課題。インスタンスに属性が追加されるということについて学習
詰まった/気づいた：少し集中できていない感覚
次：",4,3,3,3.3,No,0,"December 29, 2025 7:50 AM",No,No,0,0,0,,
Done,12/29 (https://www.notion.so/12-29-2d7d5c5438fd80d0ae25c35fcc7dc917?pvs=21),2026-W01,2025-12-29,57,"December 29, 2025 10:02 AM (GMT+9)","December 29, 2025 10:59 AM (GMT+9)",,"やった：boardインスタンスとboard.board_imageオブジェクトの関係について
詰まった/気づいた：関係性の概念の言語化ができずにらんてくで質問を繰り返す
次：一旦終えてxでシェア。のりぴーさんにに質問する",5,5,4,4,Yes,57,"December 29, 2025 10:02 AM",No,No,0,0,0,,
Done,12/29 (https://www.notion.so/12-29-2d7d5c5438fd80d0ae25c35fcc7dc917?pvs=21),2026-W01,2025-12-29,16,"December 29, 2025 11:14 AM (GMT+9)","December 29, 2025 11:30 AM (GMT+9)",,"やった：詳細機能/コメントの実装に必要な概念書き出し
詰まった/気づいた：
次：カリキュラムスタート",5,4,2,4.3,Yes,16,"December 29, 2025 11:14 AM",No,No,0,0,0,,
Done,12/29 (https://www.notion.so/12-29-2d7d5c5438fd80d0ae25c35fcc7dc917?pvs=21),2026-W01,2025-12-29,43,"December 29, 2025 5:23 PM (GMT+9)","December 29, 2025 6:06 PM (GMT+9)",,"やった：学習まとめ
詰まった/気づいた：
次：",3,4,2,3.7,No,0,"December 29, 2025 6:06 PM",No,No,0,0,0,,
Done,12/30  (https://www.notion.so/12-30-2d8d5c5438fd80ac935dd4385ba63ea1?pvs=21),2026-W01,2025-12-30,16,"December 30, 2025 6:47 AM (GMT+9)","December 30, 2025 7:03 AM (GMT+9)",,"やった：夕食後ipadはリビングへ。寝室には持っていかず本だけを読んだ
詰まった/気づいた：少し眠い感じはあるがipadを使って寝た時よりも気分は軽い。
次：カリキュラムのインプットを進める",4,4,1,4.3,Yes,16,"December 30, 2025 6:47 AM",No,No,0,0,0,,
Done,12/30  (https://www.notion.so/12-30-2d8d5c5438fd80ac935dd4385ba63ea1?pvs=21),2026-W01,2025-12-30,27,"December 30, 2025 7:06 AM (GMT+9)","December 30, 2025 7:33 AM (GMT+9)",,"やった：form_with postで生成されるネストデータについて学習
詰まった/気づいた：やっぱりdiscrodのチャットは確認しない方が朝の集中は確保できる
次：",4,4,2,4,Yes,27,"December 30, 2025 7:32 AM",No,No,0,0,0,,
Done,12/30  (https://www.notion.so/12-30-2d8d5c5438fd80ac935dd4385ba63ea1?pvs=21),2026-W01,2025-12-30,54,"December 30, 2025 9:26 AM (GMT+9)","December 30, 2025 10:20 AM (GMT+9)",,"やった：リソースのネストルーティングについて
詰まった/気づいた：ネストルーティングについてカリキュラム内容の理解煮詰まり、chatやxの確認に注意が何度か逸れる
次：次のぽもで疑問点をcabinetに書き出し。学習項目の設定を行う",3,3,3,3,No,0,"December 30, 2025 9:26 AM",No,No,0,0,0,,
Done,12/30  (https://www.notion.so/12-30-2d8d5c5438fd80ac935dd4385ba63ea1?pvs=21),2026-W01,2025-12-30,37,"December 30, 2025 10:53 AM (GMT+9)","December 30, 2025 11:30 AM (GMT+9)",,"やった：ペパーミント準備して眠いが学習スタート
詰まった/気づいた：眠気で集中して学習はできておらず何度か別のことに意識が逸れていた
次：カリキュラムのフラッシュ実装を始める",4,4,4,3.3,No,0,"December 30, 2025 10:53 AM",No,No,0,0,0,,
Done,12/30  (https://www.notion.so/12-30-2d8d5c5438fd80ac935dd4385ba63ea1?pvs=21),2026-W01,2025-12-30,25,"December 30, 2025 5:48 PM (GMT+9)","December 30, 2025 6:13 PM (GMT+9)",,"やった：学習ログのみ振り返り。学習まとめは明日でもよき
詰まった/気づいた：余裕がない時はその日の状態や学習についてのデータ記入のみでokにする
次：学習の続きを明日の午前して、明日の振り返りと一緒に登校する",2,3,3,2.7,No,0,"December 30, 2025 5:48 PM",No,No,0,0,0,,
Done,12/31 (https://www.notion.so/12-31-2d9d5c5438fd80159ffcf267096127b5?pvs=21),2026-W01,2025-12-31,62,"December 31, 2025 6:18 AM (GMT+9)","December 31, 2025 7:20 AM (GMT+9)",,"やった：Cursorを使った朝の学習計画運用構築
詰まった/気づいた：
次：",5,5,1,5,Yes,62,"December 31, 2025 6:18 AM",No,No,0,0,0,,
Done,12/31 (https://www.notion.so/12-31-2d9d5c5438fd80159ffcf267096127b5?pvs=21),2026-W01,2025-12-31,26,"December 31, 2025 7:23 AM (GMT+9)","December 31, 2025 7:49 AM (GMT+9)",,,,,,2,No,0,"December 31, 2025 7:49 AM",No,No,0,0,0,,
Done,12/31 (https://www.notion.so/12-31-2d9d5c5438fd80159ffcf267096127b5?pvs=21),2026-W01,2025-12-31,25,"December 31, 2025 9:25 AM (GMT+9)","December 31, 2025 9:50 AM (GMT+9)",,"やった：form_withのurlオプションでのパスについての詳細な理解は一旦おいてカリキュラムを進めた
詰まった/気づいた：理解できていないとこを理解して進めていて、どうやって深ぼれば良いかを把握して飛ばしているのでよき。カリキュラムを進めることで他の箇所の解説と疑問点が結びつくことがあるのでよき。
次：26mで進む戦略はとても良い",5,4,2,4.3,Yes,25,"December 31, 2025 9:25 AM",No,No,0,0,0,,
Done,12/31 (https://www.notion.so/12-31-2d9d5c5438fd80159ffcf267096127b5?pvs=21),2026-W01,2025-12-31,58,"December 31, 2025 11:46 AM (GMT+9)","December 31, 2025 12:44 PM (GMT+9)",,"やった：実装課題：commentsのコントローラー作成
詰まった/気づいた：Commentsモデルなのか、currentユーザーなのか理解に詰まっる
次：現状の学習状況と詰まっているとこを夕食後の時間にまとめる。",4,4,5,3,No,0,"December 31, 2025 11:52 AM",No,No,0,0,0,,
Done,1/1 (https://www.notion.so/1-1-2dad5c5438fd80c78624f6affa028076?pvs=21),2026-W01,2026-01-01,52,"January 1, 2026 7:34 AM (GMT+9)","January 1, 2026 8:26 AM (GMT+9)",,"やった：学習計画をせずにそのままエラー解決のために学習を即スタート
詰まった/気づいた：睡眠を優先してしっかり寝たので寝起きスッキリで、だらけたい葛藤はあったが学習をすぐにスタートできた
次：",5,5,2,4.7,Yes,52,"January 1, 2026 7:34 AM",No,No,0,0,0,,
Done,1/1 (https://www.notion.so/1-1-2dad5c5438fd80c78624f6affa028076?pvs=21),2026-W01,2026-01-01,60,"January 1, 2026 9:16 AM (GMT+9)","January 1, 2026 10:16 AM (GMT+9)",,"やった：エラーログに対しての理解をらんてくんで壁打ちしながらでバッグ
詰まった/気づいた：ルーティング設計について理解が不十分だった
次：14時からこのカリキュラムについていったん理解をまとめる時間26m x 2儲ける",4,4,2,4,Yes,60,"January 1, 2026 9:16 AM",No,No,0,0,0,,
Done,1/1 (https://www.notion.so/1-1-2dad5c5438fd80c78624f6affa028076?pvs=21),2026-W01,2026-01-01,13,"January 1, 2026 10:44 AM (GMT+9)","January 1, 2026 10:57 AM (GMT+9)",,"やった：サックと理解をさらう程度の気持ちでカリキュラムを進める
詰まった/気づいた：短い時間でも進めることできると気づいた
次：のりぴーさんとmtg",,,,2,No,0,"January 1, 2026 10:44 AM",No,No,0,0,0,,
Done,1/1 (https://www.notion.so/1-1-2dad5c5438fd80c78624f6affa028076?pvs=21),2026-W01,2026-01-01,140,"January 1, 2026 10:58 AM (GMT+9)","January 1, 2026 1:18 PM (GMT+9)",,"やった：のりぴーさんとのsql技術談義
詰まった/気づいた：
次：",5,3,2,4,Yes,140,"January 1, 2026 10:58 AM",No,No,0,0,0,,
Done,1/1 (https://www.notion.so/1-1-2dad5c5438fd80c78624f6affa028076?pvs=21),2026-W01,2026-01-01,40,"January 1, 2026 3:13 PM (GMT+9)","January 1, 2026 3:53 PM (GMT+9)",,"やった：昼寝散歩をしてココア準備してカリキュラム学習
詰まった/気づいた：ふーんという感じで軽く攫ったので早く終えることができた。この時間帯でもサボるかという気持ちはあまりなく集中してできていた
次：",4,4,1,4.3,Yes,40,"January 1, 2026 3:13 PM",No,No,0,0,0,,
Done,1/1 (https://www.notion.so/1-1-2dad5c5438fd80c78624f6affa028076?pvs=21),2026-W01,2026-01-01,40,"January 1, 2026 5:28 PM (GMT+9)","January 1, 2026 6:08 PM (GMT+9)",,"やった：学習ノートまとめ
詰まった/気づいた：学習中の疑問や詰まった箇所がcabinetには一定なので振り返りが少しむずい
次：ランテくんに質問するたびにページを作成して、都度コメントを作っておく",4,2,3,3,No,0,"January 1, 2026 5:28 PM",No,No,0,0,0,,
Done,1/1 (https://www.notion.so/1-1-2dad5c5438fd80c78624f6affa028076?pvs=21),2026-W01,2026-01-01,31,"January 1, 2026 6:10 PM (GMT+9)","January 1, 2026 6:41 PM (GMT+9)",,"やった：学習の振り返り
詰まった/気づいた：テンプレートとして学習のまとめを標準化する必要あり
次：",3,3,3,3,No,0,"January 1, 2026 6:10 PM",No,No,0,0,0,,
Done,1/2 (https://www.notion.so/1-2-2dcd5c5438fd80af9b07cd26d8eec61c?pvs=21),2026-W01,2026-01-02,58,"January 2, 2026 11:13 AM (GMT+9)","January 2, 2026 12:11 PM (GMT+9)",,"やった：カリキュラムスタート
詰まった/気づいた：昨日詰まったルーティングの内容が理解できているので進めるのがスムーズだった
次：",5,4,2,4.3,Yes,58,"January 2, 2026 11:13 AM",No,No,0,0,0,,
Done,1/2 (https://www.notion.so/1-2-2dcd5c5438fd80af9b07cd26d8eec61c?pvs=21),2026-W01,2026-01-02,43,"January 2, 2026 12:32 PM (GMT+9)","January 2, 2026 1:15 PM (GMT+9)",,"やった：掲示板編集、削除機能実装
詰まった/気づいた：詰まった時に都度notionメモに書くと仮説の検証方法を考えることができるて集中できていた
次：",4,4,2,4,Yes,43,"January 2, 2026 12:32 PM",No,No,0,0,0,,
Done,,2026-W01,2026-01-03,18,"January 3, 2026 12:28 PM (GMT+9)","January 3, 2026 12:46 PM (GMT+9)",,"やった：mottermostにてシェア
詰まった/気づいた：
次：",4,4,2,4,Yes,18,"January 3, 2026 12:28 PM",No,No,0,0,0,,
Done,,2026-W01,2026-01-04,22,"January 4, 2026 5:53 PM (GMT+9)","January 4, 2026 6:15 PM (GMT+9)",,"やった：学習ログmd変換
詰まった/気づいた：　仕事でミスをして上司にキツイ口調で言われて、そのことばかりを反芻してしまって少し集中ができていなかった
次：",3,2,2,3,No,0,"January 4, 2026 5:53 PM",No,No,0,0,0,,
Done,,2026-W02,2026-01-05,35,"January 5, 2026 10:05 AM (GMT+9)","January 5, 2026 10:40 AM (GMT+9)",,,,,,2,No,0,"January 5, 2026 10:05 AM",No,No,0,0,0,,
Done,1/6 (https://www.notion.so/1-6-2dfd5c5438fd80bb8e4ad59309e7de71?pvs=21),2026-W02,2026-01-06,19,"January 6, 2026 7:43 AM (GMT+9)","January 6, 2026 8:02 AM (GMT+9)",,"やった：学習計画、mottermost,xシェア
詰まった/気づいた：前日の睡眠が良いとスッキリしているし、7時の起きると焦りの感覚もない
次：",5,5,1,5,Yes,19,"January 6, 2026 7:43 AM",No,No,0,0,0,,
Done,1/6 (https://www.notion.so/1-6-2dfd5c5438fd80bb8e4ad59309e7de71?pvs=21),2026-W02,2026-01-06,26,"January 6, 2026 9:24 AM (GMT+9)","January 6, 2026 9:50 AM (GMT+9)",,"やった：デバッグ入門カリキュラム残り
詰まった/気づいた：スプリント週間のような焦りがなくリラックスしている感覚がある
次：のりぴーさんとのmtg",5,5,2,4.7,Yes,26,"January 6, 2026 9:24 AM",No,No,0,0,0,,
Done,1/12 (https://www.notion.so/1-12-2e6d5c5438fd806997fefc40879737cf?pvs=21),2026-W03,2026-01-12,33,"January 12, 2026 6:33 AM (GMT+9)","January 12, 2026 7:06 AM (GMT+9)",,"やった：docker エラーログの質問ための準備
詰まった/気づいた：
次：",4,5,5,3.3,No,0,"January 12, 2026 6:33 AM",No,No,0,0,0,,
Done,1/12 (https://www.notion.so/1-12-2e6d5c5438fd806997fefc40879737cf?pvs=21),2026-W03,2026-01-12,20,"January 12, 2026 12:19 PM (GMT+9)","January 12, 2026 12:39 PM (GMT+9)",Prep,"やった：技術面談のための質問準備
詰まった/気づいた：まとめる時は集中力が高くなっている
次：",5,5,2,4.7,Yes,20,"January 12, 2026 12:19 PM",No,No,0,20,0,,
Done,1/12 (https://www.notion.so/1-12-2e6d5c5438fd806997fefc40879737cf?pvs=21),2026-W03,2026-01-12,10,"January 12, 2026 7:11 PM (GMT+9)","January 12, 2026 7:21 PM (GMT+9)",,"やった：RunteqReport提出
詰まった/気づいた：まとめる時は集中力が高くなっている
次：",3,3,1,3.7,No,0,"January 12, 2026 7:11 PM",No,No,0,0,0,,
Done,1/12 (https://www.notion.so/1-12-2e6d5c5438fd806997fefc40879737cf?pvs=21),2026-W03,2026-01-12,63,"January 12, 2026 7:30 PM (GMT+9)","January 12, 2026 8:33 PM (GMT+9)",,"やった：26m x 2 10分休憩　JSカリキュラム
詰まった/気づいた：後半のセットは集中力がなくなっていてアニメを見たい等気持ちがあった
次：",4,3,2,3.7,No,0,"January 12, 2026 7:30 PM",No,No,0,0,0,,
Done,1/13 (https://www.notion.so/1-13-2e6d5c5438fd80048f4efbd84ae74338?pvs=21),2026-W03,2026-01-13,8,"January 13, 2026 6:47 AM (GMT+9)","January 13, 2026 6:55 AM (GMT+9)",,"やった：学種計画と1日の計画
詰まった/気づいた：
次：",5,5,1,5,Yes,8,"January 13, 2026 6:47 AM",No,No,0,0,0,,
Done,1/13 (https://www.notion.so/1-13-2e6d5c5438fd80048f4efbd84ae74338?pvs=21),2026-W03,2026-01-13,30,"January 13, 2026 6:56 AM (GMT+9)","January 13, 2026 7:26 AM (GMT+9)",,"やった： JSカリキュラム　DMO操作学習
詰まった/気づいた：少し集中力が逸れてコーヒーが飲みたくなってきている
次：",5,4,1,4.7,Yes,30,"January 13, 2026 6:56 AM",No,No,0,0,0,,
Done,1/13 (https://www.notion.so/1-13-2e6d5c5438fd80048f4efbd84ae74338?pvs=21),2026-W03,2026-01-13,27,"January 13, 2026 7:46 AM (GMT+9)","January 13, 2026 8:13 AM (GMT+9)",,"やった： JSカリキュラム　DMO操作学習
詰まった/気づいた：JSは一度独学しているのでさらっと確認程度でもok
次：",5,5,1,5,Yes,27,"January 13, 2026 7:46 AM",No,No,0,0,0,,
Done,1/13 (https://www.notion.so/1-13-2e6d5c5438fd80048f4efbd84ae74338?pvs=21),2026-W03,2026-01-13,59,"January 13, 2026 9:15 AM (GMT+9)","January 13, 2026 10:14 AM (GMT+9)",,"やった： JSカリキュラム　DMO操作学習
詰まった/気づいた：後半のセッションで面接で落ちたバイトのことをリサーチして、これ受かってたらなという現実逃避のためにネットサーフィンに注意逸れることが２回あった
次：",5,4,2,4.3,Yes,59,"January 13, 2026 9:15 AM",No,No,0,0,0,,
Done,1/13 (https://www.notion.so/1-13-2e6d5c5438fd80048f4efbd84ae74338?pvs=21),2026-W03,2026-01-13,10,"January 13, 2026 10:33 AM (GMT+9)","January 13, 2026 10:43 AM (GMT+9)",Prep,"やった：受付フォームへ投稿のため準備
詰まった/気づいた：後半のセッションで面接で落ちたバイトのことをリサーチして、これ受かってたらなという現実逃避のためにネットサーフィンに注意逸れることが２回あった
次：",,,,2,No,0,"January 13, 2026 10:33 AM",No,No,0,10,0,,
Done,1/13 (https://www.notion.so/1-13-2e6d5c5438fd80048f4efbd84ae74338?pvs=21),2026-W03,2026-01-13,32,"January 13, 2026 10:58 AM (GMT+9)","January 13, 2026 11:30 AM (GMT+9)",Interview,"やった：技術面談
詰まった/気づいた：
次：",,,,2,No,0,"January 13, 2026 10:58 AM",No,No,32,0,0,,
Done,1/13 (https://www.notion.so/1-13-2e6d5c5438fd80048f4efbd84ae74338?pvs=21),2026-W03,2026-01-13,32,"January 13, 2026 5:14 PM (GMT+9)","January 13, 2026 5:46 PM (GMT+9)",,"やった：学習まとめとmottermostシェア
詰まった/気づいた：
次：",4,3,3,3.3,No,0,"January 13, 2026 5:14 PM",No,No,0,0,0,,
Done,1/14 (https://www.notion.so/1-14-2e7d5c5438fd8039ad1bde555860913c?pvs=21),2026-W03,2026-01-14,66,"January 14, 2026 6:55 AM (GMT+9)","January 14, 2026 8:01 AM (GMT+9)",,"やった：エラー情報の探し方カリキュラム
詰まった/気づいた：詰まっているということは学習に価値があるというマインド、2日以上かかっても良いという思考で行うと落ち着いてデバッグや自問自答をすることができていた",5,5,3,4.3,Yes,66,"January 14, 2026 6:55 AM",No,No,0,0,0,,
Done,1/14 (https://www.notion.so/1-14-2e7d5c5438fd8039ad1bde555860913c?pvs=21),2026-W03,2026-01-14,28,"January 14, 2026 9:37 AM (GMT+9)","January 14, 2026 10:05 AM (GMT+9)",,"やった：エラー情報の探し方カリキュラム | デバッグのカリキュラムなのでREAD meのデバッグツールを使う視点で学習
詰まった/気づいた：Gemの使い方が分からないので調べるのに時間",5,4,4,3.7,No,0,"January 14, 2026 9:37 AM",No,No,0,0,0,,
Done,1/14 (https://www.notion.so/1-14-2e7d5c5438fd8039ad1bde555860913c?pvs=21),2026-W03,2026-01-14,23,"January 14, 2026 10:19 AM (GMT+9)","January 14, 2026 10:42 AM (GMT+9)",,"やった：イベントの草案作成
詰まった/気づいた：",3,3,1,3.7,No,0,"January 14, 2026 10:19 AM",No,No,0,0,0,,
Done,1/14 (https://www.notion.so/1-14-2e7d5c5438fd8039ad1bde555860913c?pvs=21),2026-W03,2026-01-14,31,"January 14, 2026 5:27 PM (GMT+9)","January 14, 2026 5:58 PM (GMT+9)",,"やった：学習まとめとmottermostシェア
詰まった/気づいた：",4,3,2,3.7,No,0,"January 14, 2026 5:27 PM",No,No,0,0,0,,
Done,1/15 (https://www.notion.so/1-15-2ecd5c5438fd80e992c6e3d495d47239?pvs=21),2026-W03,2026-01-15,26,"January 15, 2026 7:37 AM (GMT+9)","January 15, 2026 8:03 AM (GMT+9)",,"やった：エラー情報の探し方カリキュラム | デバッグのカリキュラムなのでREAD meのデバッグツールを使う視点で学習
詰まった/気づいた：寝る前にipadを見ながら寝落ちしたので取り掛かるまで、取り掛かっても時間がかかる",3,3,3,3,No,0,"January 15, 2026 7:37 AM",No,No,0,0,0,,
Done,1/15 (https://www.notion.so/1-15-2ecd5c5438fd80e992c6e3d495d47239?pvs=21),2026-W03,2026-01-15,67,"January 15, 2026 8:40 AM (GMT+9)","January 15, 2026 9:47 AM (GMT+9)",,"やった：エラー情報の探し方カリキュラム | デバッグツールを使いながらデバッグ方法学習とコード理解の再学習
詰まった/気づいた：Post showがどんなアクション設計なのかを再度理解することができた",4,4,2,4,Yes,67,"January 15, 2026 8:40 AM",No,No,0,0,0,,
Done,1/15 (https://www.notion.so/1-15-2ecd5c5438fd80e992c6e3d495d47239?pvs=21),2026-W03,2026-01-15,62,"January 15, 2026 10:22 AM (GMT+9)","January 15, 2026 11:24 AM (GMT+9)",Prep,"やった：技術面談用の資料の準備
詰まった/気づいた：資料をまとめる系は時間を忘れて没頭するフローの感覚がある
思考には時間がかかる。でもかける時間とアウトプットと成果のバランスがむずい！！",5,5,3,4.3,Yes,62,"January 15, 2026 10:22 AM",No,No,0,62,0,,
Done,1/15 (https://www.notion.so/1-15-2ecd5c5438fd80e992c6e3d495d47239?pvs=21),2026-W03,2026-01-15,20,"January 15, 2026 11:40 AM (GMT+9)","January 15, 2026 12:00 PM (GMT+9)",Interview,"やった：技術面談
詰まった/気づいた：",3,3,3,3,No,0,"January 15, 2026 11:40 AM",No,No,20,0,0,,
Done,1/15 (https://www.notion.so/1-15-2ecd5c5438fd80e992c6e3d495d47239?pvs=21),2026-W03,2026-01-15,38,"January 15, 2026 12:17 PM (GMT+9)","January 15, 2026 12:55 PM (GMT+9)",WrapUp,"やった：
詰まった/気づいた：技術面談実施後の評価でどの視点で評価するのかという指標があいまい。基礎体力→3つの指標はなんなのか？？",3,3,3,3,No,0,"January 15, 2026 12:17 PM",No,No,0,0,38,,
Done,1/16 (https://www.notion.so/1-16-2e9d5c5438fd808d907dee3d96ef8639?pvs=21),2026-W03,2026-01-16,16,"January 16, 2026 7:19 AM (GMT+9)","January 16, 2026 7:35 AM (GMT+9)",,"やった：学習計画作成
詰まった/気づいた：",,,,2,No,0,"January 16, 2026 7:19 AM",No,No,0,0,0,,
Done,1/16 (https://www.notion.so/1-16-2e9d5c5438fd808d907dee3d96ef8639?pvs=21),2026-W03,2026-01-16,30,"January 16, 2026 7:39 AM (GMT+9)","January 16, 2026 8:09 AM (GMT+9)",,"やった：技術面談で教わったエラー検証に則りリサーチをする
詰まった/気づいた：寝る前にipadを使っていると頭が重い感じでサボりたい欲が５割マシである",4,4,2,4,Yes,30,"January 16, 2026 8:09 AM",No,No,0,0,0,,
Done,1/16 (https://www.notion.so/1-16-2e9d5c5438fd808d907dee3d96ef8639?pvs=21),2026-W03,2026-01-16,59,"January 16, 2026 9:25 AM (GMT+9)","January 16, 2026 10:24 AM (GMT+9)",,"やった：投稿が削除できないバグの解消
詰まった/気づいた：Dockerのログを最初に参照するのも検証のプロセスとして考えておく",4,5,4,3.7,No,0,"January 16, 2026 9:55 AM",No,No,0,0,0,,
Done,1/16 (https://www.notion.so/1-16-2e9d5c5438fd808d907dee3d96ef8639?pvs=21),2026-W03,2026-01-16,45,"January 16, 2026 10:42 AM (GMT+9)","January 16, 2026 11:27 AM (GMT+9)",,"やった：編集ができない
詰まった/気づいた：何が起きているかから、処理前、処理中、処理後なのかという考える思考が学べた",4,4,3,3.7,No,0,"January 16, 2026 11:26 AM",No,No,0,0,0,,
Done,1/16 (https://www.notion.so/1-16-2e9d5c5438fd808d907dee3d96ef8639?pvs=21),2026-W03,2026-01-16,47,"January 16, 2026 11:28 AM (GMT+9)","January 16, 2026 12:15 PM (GMT+9)",,"やった：JSカリキュラム　e.preventが必要な理由について
詰まった/気づいた：e.preventでできることを記事で学習で一旦はokにする。注意が次何しようかや、今日の計画で技術面談しようかなどそれたりしていた",4,3,2,3.7,No,0,"January 16, 2026 11:28 AM",No,No,0,0,0,,
Done,1/16 (https://www.notion.so/1-16-2e9d5c5438fd808d907dee3d96ef8639?pvs=21),2026-W03,2026-01-16,71,"January 16, 2026 2:44 PM (GMT+9)","January 16, 2026 3:55 PM (GMT+9)",Prep,"やった：技術面談準備
詰まった/気づいた：最初、本当に必要あるのかという疑問と何を相談したら良いのかという、どうまとめろうと考えて時間がくった",4,4,3,3.7,No,0,"January 16, 2026 2:44 PM",No,No,0,71,0,,
Done,1/16 (https://www.notion.so/1-16-2e9d5c5438fd808d907dee3d96ef8639?pvs=21),2026-W03,2026-01-16,15,"January 16, 2026 4:15 PM (GMT+9)","January 16, 2026 4:30 PM (GMT+9)",Interview,"やった：技術面談
詰まった/気づいた：3つの項目理解をお話しします。よき➡️ そして1つずつ以上の理解で今のところ問題ありませんかね？もよき",3,3,1,3.7,No,0,"January 16, 2026 4:30 PM",No,No,15,0,0,,
Done,1/17 (https://www.notion.so/1-17-2ead5c5438fd80618362ffe586ec4809?pvs=21),2026-W03,2026-01-17,39,"January 17, 2026 7:29 AM (GMT+9)","January 17, 2026 8:08 AM (GMT+9)",,"やった：JS カリキュラム
詰まった/気づいた：少しだれていてサボっても良いかなという気持ちがある",3,3,1,3.7,No,0,"January 17, 2026 8:08 AM",No,No,0,0,0,,
Done,1/17 (https://www.notion.so/1-17-2ead5c5438fd80618362ffe586ec4809?pvs=21),2026-W03,2026-01-17,38,"January 17, 2026 9:16 AM (GMT+9)","January 17, 2026 9:54 AM (GMT+9)",,"やった：JS カリキュラム | fectchとテキスト処理による反復
詰まった/気づいた：自分のプロジェクトにどうやって使えるか？と考えた時に集中力が増して楽しくなっている感覚がる",4,4,2,4,Yes,38,"January 17, 2026 9:16 AM",No,No,0,0,0,,
Done,1/17 (https://www.notion.so/1-17-2ead5c5438fd80618362ffe586ec4809?pvs=21),2026-W03,2026-01-17,78,"January 17, 2026 9:55 AM (GMT+9)","January 17, 2026 11:13 AM (GMT+9)",,"やった：JS カリキュラム | Promiseについて学習、インプット型カリキュラム時の学習プロセステンプレート作成
詰まった/気づいた：promiseの理解は独学時にはできていなかったので時間をかけて基本概念の言語化に焦点",,,,2,No,0,"January 17, 2026 9:55 AM",No,No,0,0,0,,
Done,1/17 (https://www.notion.so/1-17-2ead5c5438fd80618362ffe586ec4809?pvs=21),2026-W03,2026-01-17,24,"January 17, 2026 11:36 AM (GMT+9)","January 17, 2026 12:00 PM (GMT+9)",,"やった：async 
詰まった/気づいた：asyncは実際の開発を通してこの課題を振り返りながら行うのざっくり読んで終了　➡️ ajax課題に進んだ",2,2,1,3,No,0,"January 17, 2026 11:36 AM",No,No,0,0,0,,
Done,1/17 (https://www.notion.so/1-17-2ead5c5438fd80618362ffe586ec4809?pvs=21),2026-W03,2026-01-17,21,"January 17, 2026 1:35 PM (GMT+9)","January 17, 2026 1:56 PM (GMT+9)",,"やった：ajax
詰まった/気づいた：さらっと学習にする。個人開発をしながらの理解で",3,3,2,3.3,No,0,"January 17, 2026 1:35 PM",No,No,0,0,0,,
Done,1/17 (https://www.notion.so/1-17-2ead5c5438fd80618362ffe586ec4809?pvs=21),2026-W03,2026-01-17,16,"January 17, 2026 3:52 PM (GMT+9)","January 17, 2026 4:08 PM (GMT+9)",Prep,"やった：技術面談でアプリ相談用の準備
詰まった/気づいた：",,,,2,No,0,"January 17, 2026 3:52 PM",No,No,0,16,0,,
Done,1/17 (https://www.notion.so/1-17-2ead5c5438fd80618362ffe586ec4809?pvs=21),2026-W03,2026-01-17,15,"January 17, 2026 4:09 PM (GMT+9)","January 17, 2026 4:24 PM (GMT+9)",Interview,"やった：技術面談 | アプリの工数と技術選定について
詰まった/気づいた：",3,3,1,3.7,No,0,"January 17, 2026 4:24 PM",No,No,15,0,0,,
Done,1/17 (https://www.notion.so/1-17-2ead5c5438fd80618362ffe586ec4809?pvs=21),2026-W03,2026-01-17,13,"January 17, 2026 4:24 PM (GMT+9)","January 17, 2026 4:37 PM (GMT+9)",WrapUp,"やった：面談内容の音声をmd化、notebooklmへインポート
詰まった/気づいた：",,,,2,No,0,"January 17, 2026 4:32 PM",No,No,0,0,13,,
Done,1/17 (https://www.notion.so/1-17-2ead5c5438fd80618362ffe586ec4809?pvs=21),2026-W03,2026-01-17,40,"January 17, 2026 5:40 PM (GMT+9)","January 17, 2026 6:20 PM (GMT+9)",,"やった：学習の振り返りとmottermostシェア
詰まった/気づいた：",,,,2,No,0,"January 17, 2026 5:40 PM",No,No,0,0,0,,
Done,,2026-W03,2026-01-18,2962,"January 18, 2026 9:33 AM (GMT+9)","January 20, 2026 10:55 AM (GMT+9)",,,,,,2,No,0,"January 18, 2026 9:33 AM",No,No,0,0,0,,
Done,,2026-W04,2026-01-20,41,"January 20, 2026 10:14 AM (GMT+9)","January 20, 2026 10:55 AM (GMT+9)",,"やった：カリキュラム環境構築、ブックマーク参照ドキュメントリサーチ指示
詰まった/気づいた：",3,3,,4,Yes,41,"January 20, 2026 10:14 AM",No,No,0,0,0,,
Done,1/22 (https://www.notion.so/1-22-2efd5c5438fd80b78abae53aa05e51cb?pvs=21),2026-W04,2026-01-22,64,"January 22, 2026 8:12 AM (GMT+9)","January 22, 2026 9:16 AM (GMT+9)",,"やった：カリキュラム | ブックマーク
詰まった/気づいた：始める前はサボっても良いかという気持ちがあったが、学習を始めると、ブックマークの実装ロジックについて調べて知ることが楽しいという感覚があった",4,4,2,4,Yes,64,"January 22, 2026 9:16 AM",No,No,0,0,0,,
Done,1/22 (https://www.notion.so/1-22-2efd5c5438fd80b78abae53aa05e51cb?pvs=21),2026-W04,2026-01-22,90,"January 22, 2026 9:33 AM (GMT+9)","January 22, 2026 11:03 AM (GMT+9)",,"やった：includes SQL理解
詰まった/気づいた：実行されるsqlが何かをまずは学習。理解ができていなかったことに気づいた",4,4,5,3,No,0,"January 22, 2026 9:33 AM",No,No,0,0,0,,
Done,1/22 (https://www.notion.so/1-22-2efd5c5438fd80b78abae53aa05e51cb?pvs=21),2026-W04,2026-01-22,29,"January 22, 2026 11:19 AM (GMT+9)","January 22, 2026 11:48 AM (GMT+9)",,"やった：bookmarkの実装
詰まった/気づいた：",3,3,3,3,No,0,"January 22, 2026 11:19 AM",No,No,0,0,0,,
Done,1/23 (https://www.notion.so/1-23-2f1d5c5438fd805da80bd3b8eb6db7ec?pvs=21),2026-W04,2026-01-23,39,"January 23, 2026 12:14 PM (GMT+9)","January 23, 2026 12:53 PM (GMT+9)",,"やった：イベント企画準備
詰まった/気づいた：",3,3,3,3,No,0,"January 23, 2026 12:14 PM",No,No,0,0,0,,
Done,1/23 (https://www.notion.so/1-23-2f1d5c5438fd805da80bd3b8eb6db7ec?pvs=21),2026-W04,2026-01-23,48,"January 23, 2026 6:18 PM (GMT+9)","January 23, 2026 7:06 PM (GMT+9)",,"やった：イベント企画準備
詰まった/気づいた：",3,3,3,3,No,0,"January 23, 2026 6:18 PM",No,No,0,0,0,,
Done,1/23 (https://www.notion.so/1-23-2f1d5c5438fd805da80bd3b8eb6db7ec?pvs=21),2026-W04,2026-01-23,47,"January 23, 2026 7:12 PM (GMT+9)","January 23, 2026 7:59 PM (GMT+9)",,"やった：ブックマーク実装
詰まった/気づいた：何をすれば良いか見当がつかないのでフォーマットを使って現状の整理。ブックマークがまず表示されていないのでつまづいている",3,3,3,3,No,0,"January 23, 2026 7:12 PM",No,No,0,0,0,,
Done,1/23 (https://www.notion.so/1-23-2f1d5c5438fd805da80bd3b8eb6db7ec?pvs=21),2026-W04,2026-01-23,14,"January 23, 2026 8:15 PM (GMT+9)","January 23, 2026 8:29 PM (GMT+9)",,"やった：ブックマーク実装
詰まった/気づいた：何をすれば良いか見当がつかないのでフォーマットを使って現状の整理。ブックマーク表示問題は解消→再度一覧表示の実装に戻るがタイムアップで終了",3,4,4,3,No,0,"January 23, 2026 8:15 PM",No,No,0,0,0,,
Done,1/24 (https://www.notion.so/1-24-2f2d5c5438fd80dca21fed71aec428d6?pvs=21),2026-W04,2026-01-24,39,"January 24, 2026 12:14 PM (GMT+9)","January 24, 2026 12:53 PM (GMT+9)",,"やった：ブックマークロジックについて学習
詰まった/気づいた：AIを使って概念のリサーチ",4,4,4,3.3,No,0,"January 24, 2026 12:14 PM",No,No,0,0,0,,
Done,,2026-W05,2026-01-26,38,"January 26, 2026 6:41 PM (GMT+9)","January 26, 2026 7:19 PM (GMT+9)",Prep,,,,,2,No,0,"January 26, 2026 6:41 PM",No,No,0,38,0,,
Done,,2026-W05,2026-01-26,20,"January 26, 2026 7:22 PM (GMT+9)","January 26, 2026 7:42 PM (GMT+9)",Interview,,,,,2,No,0,"January 26, 2026 7:22 PM",No,No,20,0,0,,
Done,2026-01-27 (https://www.notion.so/2026-01-27-2f5d5c5438fd805cbf29cb1234dafa4d?pvs=21),2026-W05,2026-01-27,28,"January 27, 2026 10:15 AM (GMT+9)","January 27, 2026 10:43 AM (GMT+9)",🧠 計画・振り返り,,4,4,2,4,Yes,28,"January 27, 2026 10:15 AM",No,No,0,0,0,,
Done,2026-01-27 (https://www.notion.so/2026-01-27-2f5d5c5438fd805cbf29cb1234dafa4d?pvs=21),2026-W05,2026-01-27,34,"January 27, 2026 10:44 AM (GMT+9)","January 27, 2026 11:18 AM (GMT+9)",👨‍💻 カリキュラム,"やった：Createの必要なことを日本語で言語化
詰まった/気づいた：AIを使って概念のリサーチ",,,,2,No,0,"January 27, 2026 10:44 AM",No,No,0,0,0,,
Done,2026-01-27 (https://www.notion.so/2026-01-27-2f5d5c5438fd805cbf29cb1234dafa4d?pvs=21),2026-W05,2026-01-27,20,"January 27, 2026 1:07 PM (GMT+9)","January 27, 2026 1:27 PM (GMT+9)",😪昼寝,,,,,2,No,0,"January 27, 2026 1:30 PM",No,No,0,0,0,,
Done,2026-01-27 (https://www.notion.so/2026-01-27-2f5d5c5438fd805cbf29cb1234dafa4d?pvs=21),2026-W05,2026-01-27,33,"January 27, 2026 1:37 PM (GMT+9)","January 27, 2026 2:10 PM (GMT+9)",👨‍💻 カリキュラム,"やった：linke toについて学習
詰まった/気づいた：",5,4,3,4,Yes,33,"January 27, 2026 1:37 PM",No,No,0,0,0,,
Done,2026-01-27 (https://www.notion.so/2026-01-27-2f5d5c5438fd805cbf29cb1234dafa4d?pvs=21),2026-W05,2026-01-27,72,"January 27, 2026 6:37 PM (GMT+9)","January 27, 2026 7:49 PM (GMT+9)",👨‍💻 カリキュラム,"やった：ロジックの言語化 仮説とbinding.pryで変数や処理フロー確認しながら言語化
詰まった/気づいた：",,,,2,No,0,"January 27, 2026 7:49 PM",No,No,0,0,0,,
Done,2026-01-27 (https://www.notion.so/2026-01-27-2f5d5c5438fd805cbf29cb1234dafa4d?pvs=21),2026-W05,2026-01-27,34,"January 27, 2026 9:52 PM (GMT+9)","January 27, 2026 10:26 PM (GMT+9)",🧠 計画・振り返り,"やった：学習のまとめ | notionメモを利用しながら朝の計画時に作成したQuestionに答えと言語化を行っていく
詰まった/気づいた：",4,4,3,3.7,No,0,"January 27, 2026 9:52 PM",No,No,0,0,0,,
Done,2026-01-29 (https://www.notion.so/2026-01-29-2f6d5c5438fd8008bb0ad8430f56eb05?pvs=21),2026-W05,2026-01-29,8,"January 29, 2026 7:16 AM (GMT+9)","January 29, 2026 7:24 AM (GMT+9)",🧠 計画・振り返り,"やった：
詰まった/気づいた：前日に学習計画時にリストアップした疑問点をじゃあ、今日考えようとそのまま使えるので、学習計画時に書き出す戦略はよき",5,5,2,4.7,Yes,8,"January 29, 2026 7:16 AM",No,No,0,0,0,,
Done,2026-01-29 (https://www.notion.so/2026-01-29-2f6d5c5438fd8008bb0ad8430f56eb05?pvs=21),2026-W05,2026-01-29,34,"January 29, 2026 7:24 AM (GMT+9)","January 29, 2026 7:58 AM (GMT+9)",👨‍💻 カリキュラム,"やった：bookmark create実装 
詰まった/気づいた：",4,4,2,4,Yes,34,"January 29, 2026 7:58 AM",No,No,0,0,0,,
Done,2026-01-29 (https://www.notion.so/2026-01-29-2f6d5c5438fd8008bb0ad8430f56eb05?pvs=21),2026-W05,2026-01-29,62,"January 29, 2026 8:54 AM (GMT+9)","January 29, 2026 9:56 AM (GMT+9)",👨‍💻 カリキュラム,"やった：環境構築 | unbookmark実装エラー言語化
詰まった/気づいた：",5,4,3,4,Yes,62,"January 29, 2026 8:54 AM",No,No,0,0,0,,
Done,2026-01-29 (https://www.notion.so/2026-01-29-2f6d5c5438fd8008bb0ad8430f56eb05?pvs=21),2026-W05,2026-01-29,37,"January 29, 2026 10:14 AM (GMT+9)","January 29, 2026 10:51 AM (GMT+9)",👨‍💻 カリキュラム,"やった：環境構築 | unbookmark実装コード書きながらトライアンドエラー
詰まった/気づいた：",4,4,3,3.7,No,0,"January 29, 2026 10:51 AM",No,No,0,0,0,,
Done,2026-01-29 (https://www.notion.so/2026-01-29-2f6d5c5438fd8008bb0ad8430f56eb05?pvs=21),2026-W05,2026-01-29,17,"January 29, 2026 12:10 PM (GMT+9)","January 29, 2026 12:27 PM (GMT+9)",📚 読書,,,,,2,No,0,"January 29, 2026 12:10 PM",No,No,0,0,0,,
Done,2026-01-29 (https://www.notion.so/2026-01-29-2f6d5c5438fd8008bb0ad8430f56eb05?pvs=21),2026-W05,2026-01-29,28,"January 29, 2026 5:20 PM (GMT+9)","January 29, 2026 5:48 PM (GMT+9)",🧠 計画・振り返り,"やった：Daily reviewの項目をもとに学習内容の言語化と定性面振り返り
詰まった/気づいた：",4,4,2,4,Yes,28,"January 29, 2026 5:20 PM",No,No,0,0,0,,
Done,2026-01-30 (https://www.notion.so/2026-01-30-2f7d5c5438fd80f59812e75f9d122128?pvs=21),2026-W05,2026-01-30,20,"January 30, 2026 7:23 AM (GMT+9)","January 30, 2026 7:43 AM (GMT+9)",🧠 計画・振り返り,"やった：
詰まった/気づいた：",,,,2,No,0,"January 30, 2026 7:23 AM",No,No,0,0,0,,
Done,2026-01-30 (https://www.notion.so/2026-01-30-2f7d5c5438fd80f59812e75f9d122128?pvs=21),2026-W05,2026-01-30,146,"January 30, 2026 7:44 AM (GMT+9)","January 30, 2026 10:10 AM (GMT+9)",🗣️イベント準備,"やった：イベント原稿作成
詰まった/気づいた：",5,5,3,4.3,Yes,146,"January 30, 2026 7:44 AM",No,No,0,0,0,,
Done,2026-01-30 (https://www.notion.so/2026-01-30-2f7d5c5438fd80f59812e75f9d122128?pvs=21),2026-W05,2026-01-30,102,"January 30, 2026 11:16 AM (GMT+9)","January 30, 2026 12:58 PM (GMT+9)",👨‍💻 カリキュラム,"やった：unbookmark実装
詰まった/気づいた：",5,5,4,4,Yes,102,"January 30, 2026 11:16 AM",No,No,0,0,0,,
Done,2026-01-30 (https://www.notion.so/2026-01-30-2f7d5c5438fd80f59812e75f9d122128?pvs=21),2026-W05,2026-01-30,43,"January 30, 2026 1:51 PM (GMT+9)","January 30, 2026 2:34 PM (GMT+9)",👨‍💻 カリキュラム,"やった：ajax 同期・非同期処理
詰まった/気づいた：",4,4,2,4,Yes,43,"January 30, 2026 1:51 PM",No,No,0,0,0,,
Done,2026-01-30 (https://www.notion.so/2026-01-30-2f7d5c5438fd80f59812e75f9d122128?pvs=21),2026-W05,2026-01-30,49,"January 30, 2026 3:10 PM (GMT+9)","January 30, 2026 3:59 PM (GMT+9)",,かるめさんとアウトプット練習,3,3,1,3.7,No,0,"January 30, 2026 2:54 PM",No,No,0,0,0,,
Done,2026-01-30 (https://www.notion.so/2026-01-30-2f7d5c5438fd80f59812e75f9d122128?pvs=21),2026-W05,2026-01-30,20,"January 30, 2026 4:55 PM (GMT+9)","January 30, 2026 5:15 PM (GMT+9)",Interview,"やった：学習方法と課題実装方法について相談
詰まった/気づいた：",3,3,2,3.3,No,0,"January 30, 2026 5:15 PM",No,No,20,0,0,,
Done,2026-01-30 (https://www.notion.so/2026-01-30-2f7d5c5438fd80f59812e75f9d122128?pvs=21),2026-W05,2026-01-30,38,"January 30, 2026 5:15 PM (GMT+9)","January 30, 2026 5:53 PM (GMT+9)",WrapUp,"やった：相談内容をmanusで文字起こし、notebooklmでリストアップして質問フォーマットアップデーと
詰まった/気づいた：",3,3,1,3.7,No,0,"January 30, 2026 5:53 PM",No,No,0,0,38,,
Done,2026-01-30 (https://www.notion.so/2026-01-30-2f7d5c5438fd80f59812e75f9d122128?pvs=21),2026-W05,2026-01-30,25,"January 30, 2026 7:00 PM (GMT+9)","January 30, 2026 7:25 PM (GMT+9)",🧠 計画・振り返り,"やった：ブックマークロジックについてのまとめ　途中
詰まった/気づいた：",,,,2,No,0,"January 30, 2026 7:00 PM",No,No,0,0,0,,
Done,2026-01-30 (https://www.notion.so/2026-01-30-2f7d5c5438fd80f59812e75f9d122128?pvs=21),2026-W05,2026-01-30,48,"January 30, 2026 7:26 PM (GMT+9)","January 30, 2026 8:14 PM (GMT+9)",🧠 計画・振り返り,"やった：1日の振り返り
詰まった/気づいた：何度も他のことに注意が行ったが、未完成で良いやという視点で定性的振り返りのみ実施",2,2,4,2,No,0,"January 30, 2026 7:26 PM",No,No,0,0,0,,
Done,2026-01-31 (https://www.notion.so/2026-01-31-2f8d5c5438fd80608530f43c2361e291?pvs=21),2026-W05,2026-01-31,11,"January 31, 2026 7:50 AM (GMT+9)","January 31, 2026 8:01 AM (GMT+9)",🧠 計画・振り返り,"やった：学習計画
詰まった/気づいた：少し眠い感じがある",3,3,1,3.7,No,0,"January 31, 2026 7:50 AM",No,No,0,0,0,,
Done,2026-01-31 (https://www.notion.so/2026-01-31-2f8d5c5438fd80608530f43c2361e291?pvs=21),2026-W05,2026-01-31,65,"January 31, 2026 8:02 AM (GMT+9)","January 31, 2026 9:07 AM (GMT+9)",👨‍💻 カリキュラム,"やった：ブックマークajax化
詰まった/気づいた：フォーマットがあるだけで思考の整理がしやすいし、思考の検証や",5,4,2,4.3,Yes,65,"January 31, 2026 8:02 AM",No,No,0,0,0,,
Done,2026-01-31 (https://www.notion.so/2026-01-31-2f8d5c5438fd80608530f43c2361e291?pvs=21),2026-W05,2026-01-31,42,"January 31, 2026 10:04 AM (GMT+9)","January 31, 2026 10:46 AM (GMT+9)",👨‍💻 カリキュラム,"やった：コメント投稿削除ajax | フェーズ１設計と定義言語化
詰まった/気づいた：フォーマットがあるだけで思考の整理がしやすいし、思考の検証や",4,4,3,3.7,No,0,"January 31, 2026 10:04 AM",No,No,0,0,0,,
Done,2026-01-31 (https://www.notion.so/2026-01-31-2f8d5c5438fd80608530f43c2361e291?pvs=21),2026-W05,2026-01-31,14,"January 31, 2026 10:46 AM (GMT+9)","January 31, 2026 11:00 AM (GMT+9)",👨‍💻 カリキュラム,"やった：コメント投稿削除ajax | ハンズオン
詰まった/気づいた：",3,3,3,3,No,0,"January 31, 2026 11:00 AM",No,No,0,0,0,,
Done,2026-01-31 (https://www.notion.so/2026-01-31-2f8d5c5438fd80608530f43c2361e291?pvs=21),2026-W05,2026-01-31,43,"January 31, 2026 11:18 AM (GMT+9)","January 31, 2026 12:01 PM (GMT+9)",👨‍💻 カリキュラム,"やった：コメント投稿削除ajax | ハンズオン
詰まった/気づいた：ハンズオンのインスタンスの中身をログで検証しながらだと集中できてロジックも頭に入りやすい",5,5,3,4.3,Yes,43,"January 31, 2026 11:18 AM",No,No,0,0,0,,
Done,2026-01-31 (https://www.notion.so/2026-01-31-2f8d5c5438fd80608530f43c2361e291?pvs=21),2026-W05,2026-01-31,96,"January 31, 2026 1:03 PM (GMT+9)","January 31, 2026 2:39 PM (GMT+9)",🗣️イベント登壇,"やった：イベント登壇
詰まった/気づいた：",3,3,3,3,No,0,"January 31, 2026 1:03 PM",No,No,0,0,0,,
Done,2026-01-31 (https://www.notion.so/2026-01-31-2f8d5c5438fd80608530f43c2361e291?pvs=21),2026-W05,2026-01-31,56,"January 31, 2026 3:55 PM (GMT+9)","January 31, 2026 4:51 PM (GMT+9)",👨‍💻 カリキュラム,"やった：コメント削除ajax | 課題
詰まった/気づいた：",4,4,4,3.3,No,0,"January 31, 2026 4:33 PM",No,No,0,0,0,,
Done,2026-01-31 (https://www.notion.so/2026-01-31-2f8d5c5438fd80608530f43c2361e291?pvs=21),2026-W05,2026-01-31,21,"January 31, 2026 5:15 PM (GMT+9)","January 31, 2026 5:36 PM (GMT+9)",WrapUp,"やった：学習中に使っていたnotion元に、壁打ち内容を整理して準備
詰まった/気づいた：",3,3,3,3,No,0,"January 31, 2026 5:15 PM",No,No,0,0,21,,
Done,2026-01-31 (https://www.notion.so/2026-01-31-2f8d5c5438fd80608530f43c2361e291?pvs=21),2026-W05,2026-01-31,10,"January 31, 2026 5:36 PM (GMT+9)","January 31, 2026 5:46 PM (GMT+9)",Interview,"やった：ajax理解について質問
詰まった/気づいた：",3,3,2,3.3,No,0,"January 31, 2026 5:36 PM",No,No,10,0,0,,
Done,2026-01-31 (https://www.notion.so/2026-01-31-2f8d5c5438fd80608530f43c2361e291?pvs=21),2026-W05,2026-01-31,25,"January 31, 2026 7:16 PM (GMT+9)","January 31, 2026 7:41 PM (GMT+9)",🧠 計画・振り返り,"やった：学習の振り返り
詰まった/気づいた：まとめをMemoからまとめることで負荷が少なくできた",3,5,2,4,Yes,25,"January 31, 2026 7:16 PM",No,No,0,0,0,,
Done,,2026-W06,2026-02-02,34,"February 2, 2026 1:33 PM (GMT+9)","February 2, 2026 2:07 PM (GMT+9)",🧠 計画・振り返り,週末分析のためにデータ正規化設計,,,,2,No,0,"February 2, 2026 1:33 PM",No,Yes,0,0,0,,
Done,,2026-W06,2026-02-02,89,"February 2, 2026 6:45 PM (GMT+9)","February 2, 2026 8:14 PM (GMT+9)",🧠 計画・振り返り,"やった：分析レポート作成
詰まった/気づいた：今週はレポート作成のためのskills【自動化】で完了
今週の目標設定や、障害をリストアップしてif thenと、メイン戦略を作成して完了とした",4,2,3,3,No,0,"February 2, 2026 8:14 PM",No,Yes,0,0,0,,
Done,2026-02-03 (https://www.notion.so/2026-02-03-2fbd5c5438fd80e9b0fdc79b186bd7c6?pvs=21),2026-W06,2026-02-03,14,"February 3, 2026 7:48 AM (GMT+9)","February 3, 2026 8:02 AM (GMT+9)",🧠 計画・振り返り,,3,3,3,3,No,0,"February 3, 2026 7:48 AM",No,Yes,0,0,0,,
Done,2026-02-03 (https://www.notion.so/2026-02-03-2fbd5c5438fd80e9b0fdc79b186bd7c6?pvs=21),2026-W06,2026-02-03,49,"February 3, 2026 8:02 AM (GMT+9)","February 3, 2026 8:51 AM (GMT+9)",👨‍💻 カリキュラム,"やった：コメント削除ajax | 課題
詰まった/気づいた：少しロジックが繋がらなくても回転率を上げると考えた時に仮説を持って壁打ちすると理解が深まって言語化できた。目標と一致するのでよしとする",5,4,3,4,Yes,49,"February 3, 2026 8:02 AM",No,Yes,0,0,0,,
Done,2026-02-03 (https://www.notion.so/2026-02-03-2fbd5c5438fd80e9b0fdc79b186bd7c6?pvs=21),2026-W06,2026-02-03,42,"February 3, 2026 8:55 AM (GMT+9)","February 3, 2026 9:37 AM (GMT+9)",Rest,"やった：散歩、シャワー、音楽
詰まった/気づいた：",,,,2,No,0,"February 3, 2026 8:55 AM",No,Yes,0,0,0,,
Done,2026-02-03 (https://www.notion.so/2026-02-03-2fbd5c5438fd80e9b0fdc79b186bd7c6?pvs=21),2026-W06,2026-02-03,89,"February 3, 2026 9:38 AM (GMT+9)","February 3, 2026 11:07 AM (GMT+9)",👨‍💻 カリキュラム,"やった：gem 公式git読み解き
詰まった/気づいた：まず何から読めば良いか考えずに、最初から読んでいた。途中からざっくりとした達成要件のための予想を、geminiでgithubリンクを読み込ませて理解を確認した。",5,5,4,4,Yes,89,"February 3, 2026 9:38 AM",No,Yes,0,0,0,,
Done,2026-02-03 (https://www.notion.so/2026-02-03-2fbd5c5438fd80e9b0fdc79b186bd7c6?pvs=21),2026-W06,2026-02-03,18,"February 3, 2026 11:11 AM (GMT+9)","February 3, 2026 11:29 AM (GMT+9)",Rest,,1,1,1,2.3,No,0,"February 3, 2026 11:11 AM",No,Yes,0,0,0,,
Done,2026-02-03 (https://www.notion.so/2026-02-03-2fbd5c5438fd80e9b0fdc79b186bd7c6?pvs=21),2026-W06,2026-02-03,23,"February 3, 2026 11:29 AM (GMT+9)","February 3, 2026 11:52 AM (GMT+9)",Prep,"やった：学習の進め方についての相談なので、相談のフローと実際に学習でのプロセスを表示できるように準備した
詰まった/気づいた：",3,3,1,3.7,No,0,"February 3, 2026 11:29 AM",No,Yes,0,23,0,,
Done,2026-02-03 (https://www.notion.so/2026-02-03-2fbd5c5438fd80e9b0fdc79b186bd7c6?pvs=21),2026-W06,2026-02-03,18,"February 3, 2026 11:52 AM (GMT+9)","February 3, 2026 12:10 PM (GMT+9)",Interview,"やった：公式ドキュメントの読み解き方 | 学習の進め方について
詰まった/気づいた：",4,3,1,4,Yes,18,"February 3, 2026 12:10 PM",No,Yes,18,0,0,,
Done,2026-02-03 (https://www.notion.so/2026-02-03-2fbd5c5438fd80e9b0fdc79b186bd7c6?pvs=21),2026-W06,2026-02-03,32,"February 3, 2026 12:11 PM (GMT+9)","February 3, 2026 12:43 PM (GMT+9)",WrapUp,"やった：内容の文字起こし、antigravityで管理のskills作成、昼休憩に入るので午後の学習スタートで何をするかを整理
詰まった/気づいた：",3,3,1,3.7,No,0,"February 3, 2026 12:11 PM",No,Yes,0,0,32,,
Done,2026-02-03 (https://www.notion.so/2026-02-03-2fbd5c5438fd80e9b0fdc79b186bd7c6?pvs=21),2026-W06,2026-02-03,124,"February 3, 2026 12:45 PM (GMT+9)","February 3, 2026 2:49 PM (GMT+9)",Rest,"やった：昼食、昼寝(40m)、散歩
詰まった/気づいた：",1,1,1,2.3,No,0,"February 3, 2026 12:45 PM",No,Yes,0,0,0,,
Done,2026-02-03 (https://www.notion.so/2026-02-03-2fbd5c5438fd80e9b0fdc79b186bd7c6?pvs=21),2026-W06,2026-02-03,60,"February 3, 2026 2:50 PM (GMT+9)","February 3, 2026 3:50 PM (GMT+9)",👨‍💻 カリキュラム,"やった：フェーズ1からフェーズ２の実行と検証
詰まった/気づいた：フェーズ１を元にしてざっくりと調べて完璧にしないで実行を意識してやった。",4,4,2,4,Yes,60,"February 3, 2026 2:50 PM",No,Yes,0,0,0,,
Done,2026-02-03 (https://www.notion.so/2026-02-03-2fbd5c5438fd80e9b0fdc79b186bd7c6?pvs=21),2026-W06,2026-02-03,67,"February 3, 2026 3:52 PM (GMT+9)","February 3, 2026 4:59 PM (GMT+9)",Other,"やった：CLIを使ったソースコード解析環境構築
詰まった/気づいた：",3,3,3,3,No,0,"February 3, 2026 3:52 PM",No,Yes,0,0,0,,
Done,2026-02-03 (https://www.notion.so/2026-02-03-2fbd5c5438fd80e9b0fdc79b186bd7c6?pvs=21),2026-W06,2026-02-03,30,"February 3, 2026 6:48 PM (GMT+9)","February 3, 2026 7:18 PM (GMT+9)",🧠 計画・振り返り,"やった：1日の振り返り、学種の言語化
詰まった/気づいた：学習中の疑問を言語化したりまとめるだけでもokと考えるだけで気持ちも楽だし心理的負荷が少なくできている",3,4,1,4,Yes,30,"February 3, 2026 6:48 PM",No,Yes,0,0,0,,
Done,2026-02-05 (https://www.notion.so/2026-02-05-2fdd5c5438fd8091a811d398d0f7321b?pvs=21),2026-W06,2026-02-05,9,"February 5, 2026 7:01 AM (GMT+9)","February 5, 2026 7:10 AM (GMT+9)",🧠 計画・振り返り,"やった：1日の学習計画
詰まった/気づいた：",3,3,3,3,No,0,"February 5, 2026 7:03 AM",No,Yes,0,0,0,,
Done,2026-02-05 (https://www.notion.so/2026-02-05-2fdd5c5438fd8091a811d398d0f7321b?pvs=21),2026-W06,2026-02-05,65,"February 5, 2026 7:13 AM (GMT+9)","February 5, 2026 8:18 AM (GMT+9)",👨‍💻 カリキュラム,"やった：言語化駆動の実装フレームワーク｜フェーズ１
詰まった/気づいた：セッションごとに時間を区切ってやることでさらに完璧主義対策や目的意識を持って学習できていた",5,5,3,4.3,Yes,65,"February 5, 2026 7:13 AM",No,Yes,0,0,0,,
Done,2026-02-05 (https://www.notion.so/2026-02-05-2fdd5c5438fd8091a811d398d0f7321b?pvs=21),2026-W06,2026-02-05,100,"February 5, 2026 8:24 AM (GMT+9)","February 5, 2026 10:04 AM (GMT+9)",Other,散髪,,,,2,No,0,"February 5, 2026 8:24 AM",No,Yes,0,0,0,,
Done,2026-02-05 (https://www.notion.so/2026-02-05-2fdd5c5438fd8091a811d398d0f7321b?pvs=21),2026-W06,2026-02-05,38,"February 5, 2026 10:10 AM (GMT+9)","February 5, 2026 10:48 AM (GMT+9)",👨‍💻 カリキュラム,"やった：言語化駆動の実装フレームワーク｜未知特定フェーズ
詰まった/気づいた：ドキュメント読んで理解を壁うち　→　回転率を上げることができる",5,5,4,4,Yes,38,"February 5, 2026 10:48 AM",No,Yes,0,0,0,,
Done,2026-02-05 (https://www.notion.so/2026-02-05-2fdd5c5438fd8091a811d398d0f7321b?pvs=21),2026-W06,2026-02-05,34,"February 5, 2026 10:53 AM (GMT+9)","February 5, 2026 11:27 AM (GMT+9)",👨‍💻 カリキュラム,"やった：言語化駆動の実装フレームワーク｜実装と検証
詰まった/気づいた：1h続けていると後半は考えが雑になってきている感覚がある",4,4,4,3.3,No,0,"February 5, 2026 10:53 AM",No,Yes,0,0,0,,
Done,2026-02-05 (https://www.notion.so/2026-02-05-2fdd5c5438fd8091a811d398d0f7321b?pvs=21),2026-W06,2026-02-05,19,"February 5, 2026 11:29 AM (GMT+9)","February 5, 2026 11:48 AM (GMT+9)",Rest,,,,,2,No,0,"February 5, 2026 11:29 AM",No,Yes,0,0,0,,
Done,2026-02-05 (https://www.notion.so/2026-02-05-2fdd5c5438fd8091a811d398d0f7321b?pvs=21),2026-W06,2026-02-05,21,"February 5, 2026 11:48 AM (GMT+9)","February 5, 2026 12:09 PM (GMT+9)",👨‍💻 カリキュラム,"やった：実装と検証｜検索と全文検索のロジックについて学習
詰まった/気づいた：壁打ちをaiとすることで要点を押さえて学習できていた。注意点はどこまでも壁打ちが続くので完璧主義にならないように注意が必要",4,5,3,4,Yes,21,"February 5, 2026 11:48 AM",No,Yes,0,0,0,,
Done,2026-02-05 (https://www.notion.so/2026-02-05-2fdd5c5438fd8091a811d398d0f7321b?pvs=21),2026-W06,2026-02-05,33,"February 5, 2026 12:13 PM (GMT+9)","February 5, 2026 12:46 PM (GMT+9)",Rest,"やった：昼食、歯磨き
詰まった/気づいた：",,,,2,No,0,"February 5, 2026 12:13 PM",No,Yes,0,0,0,,
Done,2026-02-05 (https://www.notion.so/2026-02-05-2fdd5c5438fd8091a811d398d0f7321b?pvs=21),2026-W06,2026-02-05,32,"February 5, 2026 12:46 PM (GMT+9)","February 5, 2026 1:18 PM (GMT+9)",Exercise,"やった：散歩
詰まった/気づいた：",,,,2,No,0,"February 5, 2026 12:46 PM",No,Yes,0,0,0,,
Done,2026-02-05 (https://www.notion.so/2026-02-05-2fdd5c5438fd8091a811d398d0f7321b?pvs=21),2026-W06,2026-02-05,57,"February 5, 2026 1:23 PM (GMT+9)","February 5, 2026 2:20 PM (GMT+9)",👨‍💻 カリキュラム,"やった：言語化駆動の実装フレームワーク｜フェーズ１|プロフィール編集と画像アップロード機能追加
詰まった/気づいた：",4,4,3,3.7,No,0,"February 5, 2026 1:23 PM",No,Yes,0,0,0,,
Done,2026-02-05 (https://www.notion.so/2026-02-05-2fdd5c5438fd8091a811d398d0f7321b?pvs=21),2026-W06,2026-02-05,14,"February 5, 2026 2:22 PM (GMT+9)","February 5, 2026 2:36 PM (GMT+9)",Rest,"やった：散歩
詰まった/気づいた：このままサボって、netflixを見ても良いかなという気持ち",,,,2,No,0,"February 5, 2026 2:22 PM",No,Yes,0,0,0,,
Done,2026-02-05 (https://www.notion.so/2026-02-05-2fdd5c5438fd8091a811d398d0f7321b?pvs=21),2026-W06,2026-02-05,54,"February 5, 2026 2:38 PM (GMT+9)","February 5, 2026 3:32 PM (GMT+9)",👨‍💻 カリキュラム,"やった：実装と検証｜
詰まった/気づいた：カリキュラムを進めなが学習を進めていた。完璧主義を防ぐ。その中で、フレームワークで知識として実装のフローを言語化したり、未知をリストアップするという使い方は午後の集中力が落ちている学習には適していいる",3,4,3,3.3,No,0,"February 5, 2026 2:38 PM",No,Yes,0,0,0,,
Done,2026-02-05 (https://www.notion.so/2026-02-05-2fdd5c5438fd8091a811d398d0f7321b?pvs=21),2026-W06,2026-02-05,22,"February 5, 2026 3:36 PM (GMT+9)","February 5, 2026 3:58 PM (GMT+9)",Rest,"やった：youtubeでお気に入りの音楽を聴く
詰まった/気づいた：このまま終わってnetflixを見たいという気持ち。明日でもいい気持ちがある",,,,2,No,0,"February 5, 2026 3:36 PM",No,Yes,0,0,0,,
Done,2026-02-05 (https://www.notion.so/2026-02-05-2fdd5c5438fd8091a811d398d0f7321b?pvs=21),2026-W06,2026-02-05,65,"February 5, 2026 3:59 PM (GMT+9)","February 5, 2026 5:04 PM (GMT+9)",Prep,"やった：技術面談で相談する内容のまとめ
詰まった/気づいた：相談する時の趣旨や論点を決めるのに時間がかかるし、少し難しい。",4,5,4,3.7,No,0,"February 5, 2026 3:59 PM",No,Yes,0,65,0,,
Done,2026-02-05 (https://www.notion.so/2026-02-05-2fdd5c5438fd8091a811d398d0f7321b?pvs=21),2026-W06,2026-02-05,14,"February 5, 2026 5:04 PM (GMT+9)","February 5, 2026 5:18 PM (GMT+9)",Interview,"やった：技術面談で相談する内容のまとめ
詰まった/気づいた：相談する時の趣旨や論点を決めるのに時間がかかるし、少し難しい。",3,3,3,3,No,0,"February 5, 2026 5:18 PM",No,Yes,14,0,0,,
Done,2026-02-05 (https://www.notion.so/2026-02-05-2fdd5c5438fd8091a811d398d0f7321b?pvs=21),2026-W06,2026-02-05,11,"February 5, 2026 5:19 PM (GMT+9)","February 5, 2026 5:30 PM (GMT+9)",WrapUp,"やった：manusで音声か。ファイルを整理のみで完了とする
詰まった/気づいた：フレームワークに満たせているかを採点するようにskillsを構築するのと良いかも。それで技術面談のフィードバックの可視化もできるな",3,3,1,3.7,No,0,"February 5, 2026 5:19 PM",No,Yes,0,0,11,,
Done,2026-02-05 (https://www.notion.so/2026-02-05-2fdd5c5438fd8091a811d398d0f7321b?pvs=21),2026-W06,2026-02-05,47,"February 5, 2026 7:11 PM (GMT+9)","February 5, 2026 7:58 PM (GMT+9)",🧠 計画・振り返り,"やった：1日の振り返り、学種の言語化
詰まった/気づいた：gemの再度言語化は難しく少しまとめるのに少し時間がかかっていた。gemのドキュメントを参照しながら、再度考えやその時の思考を言語化することで、全体のフローも言語化できた",3,5,3,3.7,No,0,"February 5, 2026 7:11 PM",No,Yes,0,0,0,,
Done,"2026-02-05 (https://www.notion.so/2026-02-05-2fdd5c5438fd8091a811d398d0f7321b?pvs=21), 2026-02-06 (https://www.notion.so/2026-02-06-2fed5c5438fd80a69cb2dbec865b4909?pvs=21)",2026-W06,2026-02-06,14,"February 6, 2026 7:04 AM (GMT+9)","February 6, 2026 7:18 AM (GMT+9)",🧠 計画・振り返り,"やった：1日の学習計画
詰まった/気づいた：",3,3,3,3,No,0,"February 6, 2026 7:04 AM",No,Yes,0,0,0,,
Done,2026-02-06 (https://www.notion.so/2026-02-06-2fed5c5438fd80a69cb2dbec865b4909?pvs=21),2026-W06,2026-02-06,58,"February 6, 2026 7:18 AM (GMT+9)","February 6, 2026 8:16 AM (GMT+9)",👨‍💻 カリキュラム,"やった：carrie wave学習 | editアクション実装
詰まった/気づいた：",,,,2,No,0,"February 6, 2026 7:18 AM",No,Yes,0,0,0,,
Done,,2026-W06,2026-02-06,50,"February 6, 2026 8:16 AM (GMT+9)","February 6, 2026 9:06 AM (GMT+9)",Rest,"やった：散歩、シャワー、コーヒー準備
詰まった/気づいた：",,,,2,No,0,"February 6, 2026 9:06 AM",No,Yes,0,0,0,,
Done,2026-02-06 (https://www.notion.so/2026-02-06-2fed5c5438fd80a69cb2dbec865b4909?pvs=21),2026-W06,2026-02-06,58,"February 6, 2026 9:07 AM (GMT+9)","February 6, 2026 10:05 AM (GMT+9)",👨‍💻 カリキュラム,"やった：editアクション実装
詰まった/気づいた：エラー発生時に仮説は持って、ささっとエラープロンプトで壁打ちを繰り返した方が回転率を上げることができる。１セッションでeditができるまで持って行けた",4,5,3,4,Yes,58,"February 6, 2026 9:07 AM",No,Yes,0,0,0,,
Done,,2026-W06,2026-02-06,20,"February 6, 2026 10:07 AM (GMT+9)","February 6, 2026 10:27 AM (GMT+9)",Rest,,,,,2,No,0,"February 6, 2026 10:07 AM",No,Yes,0,0,0,,
Done,2026-02-06 (https://www.notion.so/2026-02-06-2fed5c5438fd80a69cb2dbec865b4909?pvs=21),2026-W06,2026-02-06,62,"February 6, 2026 10:27 AM (GMT+9)","February 6, 2026 11:29 AM (GMT+9)",👨‍💻 カリキュラム,"やった：言語化駆動の実装フレームワーク｜パスワードリセット機能
詰まった/気づいた：gem解読でメタ認知思考が働いていない。達成したことによる、明日でも良いかという気持ちで集中できていない",2,3,5,2,No,0,"February 6, 2026 10:30 AM",No,Yes,0,0,0,,
Done,,2026-W06,2026-02-06,36,"February 6, 2026 11:32 AM (GMT+9)","February 6, 2026 12:08 PM (GMT+9)",Rest,"やった：散歩、猫youtube、音楽
詰まった/気づいた：技術面談、カリキュラムをしたくないという気持ちをひたすら散歩と、ねこyouube、音楽で紛らわした",1,1,1,2.3,No,0,"February 6, 2026 11:32 AM",No,Yes,0,0,0,,
Done,2026-02-06 (https://www.notion.so/2026-02-06-2fed5c5438fd80a69cb2dbec865b4909?pvs=21),2026-W06,2026-02-06,21,"February 6, 2026 12:10 PM (GMT+9)","February 6, 2026 12:31 PM (GMT+9)",Prep,"やった：本当に疑問点や聞きたいことをまとめて、あとはgithubドキュメントを準備して完了
詰まった/気づいた：",3,3,3,3,No,0,"February 6, 2026 12:10 PM",No,Yes,0,21,0,,
Done,2026-02-06 (https://www.notion.so/2026-02-06-2fed5c5438fd80a69cb2dbec865b4909?pvs=21),2026-W06,2026-02-06,16,"February 6, 2026 12:31 PM (GMT+9)","February 6, 2026 12:47 PM (GMT+9)",Interview,"やった：gemの読み解き方について相談 | 聞きたいことを明確化、実際に自分のプロセス、講師の方の考えを聞くというフェーズ
詰まった/気づいた：",4,4,3,3.7,No,0,"February 6, 2026 12:31 PM",No,Yes,16,0,0,,
Done,2026-02-06 (https://www.notion.so/2026-02-06-2fed5c5438fd80a69cb2dbec865b4909?pvs=21),2026-W06,2026-02-06,7,"February 6, 2026 12:47 PM (GMT+9)","February 6, 2026 12:54 PM (GMT+9)",WrapUp,"やった：manusで音声か。ファイルを整理のみで完了とする
詰まった/気づいた：",1,1,1,2.3,No,0,"February 6, 2026 12:54 PM",No,Yes,0,0,7,,
Done,2026-02-06 (https://www.notion.so/2026-02-06-2fed5c5438fd80a69cb2dbec865b4909?pvs=21),2026-W06,2026-02-06,42,"February 6, 2026 6:52 PM (GMT+9)","February 6, 2026 7:34 PM (GMT+9)",🧠 計画・振り返り,"やった：1日の振り返り
詰まった/気づいた：",3,3,4,2.7,No,0,"February 6, 2026 6:52 PM",No,Yes,0,0,0,,
Done,2026-02-07 (https://www.notion.so/2026-02-07-2ffd5c5438fd80d9a7d4e58f3eef2db1?pvs=21),2026-W06,2026-02-07,85,"February 7, 2026 7:32 AM (GMT+9)","February 7, 2026 8:57 AM (GMT+9)",Exercise,"やった：HITT
詰まった/気づいた：前日の寝る直前までベッドでipadでnetflix見ていて起きたらスッキリしなくて何もしたくないモードだったので運動へ",1,1,1,2.3,No,0,"February 7, 2026 7:32 AM",No,Yes,0,0,0,,
Done,2026-02-07 (https://www.notion.so/2026-02-07-2ffd5c5438fd80d9a7d4e58f3eef2db1?pvs=21),2026-W06,2026-02-07,50,"February 7, 2026 9:16 AM (GMT+9)","February 7, 2026 10:06 AM (GMT+9)",👨‍💻 カリキュラム,"やった：gem letter_opnerを クローンをcliを使って理解の壁打ち
詰まった/気づいた：学習前は漠然とした不安やサボりたい欲があった。学習をスタートすると集中できて少し楽しくなっている感覚があった。",3,4,3,3.3,No,0,"February 7, 2026 9:16 AM",No,Yes,0,0,0,,
Done,2026-02-07 (https://www.notion.so/2026-02-07-2ffd5c5438fd80d9a7d4e58f3eef2db1?pvs=21),2026-W06,2026-02-07,40,"February 7, 2026 10:12 AM (GMT+9)","February 7, 2026 10:52 AM (GMT+9)",Other,アプリ触り,1,1,1,2.3,No,0,"February 7, 2026 10:12 AM",No,Yes,0,0,0,,
Done,2026-02-07 (https://www.notion.so/2026-02-07-2ffd5c5438fd80d9a7d4e58f3eef2db1?pvs=21),2026-W06,2026-02-07,17,"February 7, 2026 12:09 PM (GMT+9)","February 7, 2026 12:26 PM (GMT+9)",📚 読書,"やった：通勤読書
詰まった/気づいた：",3,3,1,3.7,No,0,"February 7, 2026 12:09 PM",No,Yes,0,0,0,,
Done,2026-02-07 (https://www.notion.so/2026-02-07-2ffd5c5438fd80d9a7d4e58f3eef2db1?pvs=21),2026-W06,2026-02-07,22,"February 7, 2026 5:24 PM (GMT+9)","February 7, 2026 5:46 PM (GMT+9)",🧠 計画・振り返り,"やった：1日まとめ、gem解読の執筆
詰まった/気づいた：",4,4,3,3.7,No,0,"February 7, 2026 5:24 PM",No,Yes,0,0,0,,
Done,,2026-W06,2026-02-08,152,"February 8, 2026 8:37 AM (GMT+9)","February 8, 2026 11:09 AM (GMT+9)",🧠 計画・振り返り,"やった：1週間の振り返り、Runteqレポート作成と提出
詰まった/気づいた：",3,3,3,3,No,0,"February 8, 2026 8:37 AM",No,Yes,0,0,0,,
Done,2026-02-09 (https://www.notion.so/2026-02-09-301d5c5438fd80d184c7e30915306293?pvs=21),2026-W07,2026-02-09,14,"February 9, 2026 7:41 AM (GMT+9)","February 9, 2026 7:55 AM (GMT+9)",🧠 計画・振り返り,"やった：朝の学習計画
詰まった/気づいた：実装しながら学習したいので軽く計画して完了とした",3,3,3,3,No,0,"February 9, 2026 7:41 AM",Yes,No,0,0,0,,
Done,2026-02-09 (https://www.notion.so/2026-02-09-301d5c5438fd80d184c7e30915306293?pvs=21),2026-W07,2026-02-09,61,"February 9, 2026 7:56 AM (GMT+9)","February 9, 2026 8:57 AM (GMT+9)",👨‍💻 カリキュラム,"やった：マイグレーションファイル作成と実装学習、Userモデルのパスワードメソッド実装の学習
詰まった/気づいた：ハンズオンのコードをaiで解説してもらいながら学習。漠然とフーンをなくす。マイグレーションやメソッドなどより開発の根幹部分の理解ができていないとai駆動開発ができないと考えたから",4,5,3,4,Yes,61,"February 9, 2026 7:56 AM",Yes,No,0,0,0,,
Done,2026-02-09 (https://www.notion.so/2026-02-09-301d5c5438fd80d184c7e30915306293?pvs=21),2026-W07,2026-02-09,61,"February 9, 2026 9:04 AM (GMT+9)","February 9, 2026 10:05 AM (GMT+9)",Exercise,,,,,2,No,0,"February 9, 2026 9:04 AM",Yes,No,0,0,0,,
Done,2026-02-09 (https://www.notion.so/2026-02-09-301d5c5438fd80d184c7e30915306293?pvs=21),2026-W07,2026-02-09,47,"February 9, 2026 10:14 AM (GMT+9)","February 9, 2026 11:01 AM (GMT+9)",👨‍💻 カリキュラム,"やった：Userモデルのパスワードメソッド実装の学習、ハッシュ省略記法、メソッド、からアクセスの見分け方
詰まった/気づいた：気分は落ち着いて学習できていた。でも何度か別のことを急にしたくなったりしていた",4,3,3,3.3,No,0,"February 9, 2026 10:14 AM",Yes,No,0,0,0,,
Done,2026-02-09 (https://www.notion.so/2026-02-09-301d5c5438fd80d184c7e30915306293?pvs=21),2026-W07,2026-02-09,13,"February 9, 2026 12:12 PM (GMT+9)","February 9, 2026 12:25 PM (GMT+9)",📚 読書,"やった：なぜOOP設計をするのか
詰まった/気づいた：本読んでいて眠気",2,3,2,3,No,0,"February 9, 2026 12:12 PM",Yes,No,0,0,0,,
Done,2026-02-09 (https://www.notion.so/2026-02-09-301d5c5438fd80d184c7e30915306293?pvs=21),2026-W07,2026-02-09,36,"February 9, 2026 5:09 PM (GMT+9)","February 9, 2026 5:45 PM (GMT+9)",🧠 計画・振り返り,"やった：1日の振り返りとまとめ
詰まった/気づいた：本読んでいて眠気",4,4,2,4,Yes,36,"February 9, 2026 5:09 PM",Yes,No,0,0,0,,